Marker,Coefficient
cg00112187,-0.13975931
cg00151250,0.152307669
cg00359421,0.105816788
cg00513564,-0.121043995
cg00532802,0.047299075
cg00574958,-0.264536289
cg00668559,-0.091071778
cg00782811,0.076266176
cg00835193,-0.058116808
cg01055871,-0.231755225
cg01101459,0.062707362
cg01360413,0.015027794
cg01554316,0.514654541
cg01936220,-0.035599679
cg02004723,0.00904131
cg02079413,0.209052761
cg02229095,0.024380663
cg02300147,0.147962968
cg02307277,0.036532422
cg02571857,0.090938734
cg02650017,-0.594269208
cg02949067,-0.146029239
cg02997983,0.028370224
cg03604011,0.129093145
cg03776935,0.158184085
cg03810769,0.026989631
cg03868770,-0.038831036
cg04051458,0.168094329
cg04105250,0.110935475
cg04305539,-0.012085523
cg04565261,0.064173652
cg04600984,0.179655228
cg04624885,0.0736303
cg04927537,0.044407607
cg05068951,0.02261072
cg05085844,0.076393604
cg05239308,0.002778885
cg05304729,0.305355799
cg05487507,-0.050982996
cg05492170,0.039794605
cg05671350,0.098763392
cg05991820,0.010926194
cg06182811,-0.055772839
cg06230206,0.042801626
cg06458557,0.103640859
cg06500161,0.575113489
cg06570125,0.616832801
cg06797880,0.010529341
cg06961233,0.113445147
cg07019072,0.123692653
cg07075169,-0.014862812
cg07123481,0.066173756
cg07244253,-0.021041913
cg07471256,0.027696261
cg07550819,-0.006625455
cg07589381,-0.046560111
cg08011245,0.061936655
cg08225398,0.017189085
cg08335662,-0.0493692
cg08790676,0.03957721
cg09022325,0.143985548
cg09233395,-0.001734118
cg09349128,-0.227449321
cg09423875,-0.114664984
cg09626521,-0.019446461
cg09756865,0.042932018
cg09760057,0.105052011
cg09867945,0.134275761
cg09933458,0.0078598
cg09974965,-0.046184929
cg10017843,-0.037356547
cg10026495,0.111829828
cg10053507,0.130117229
cg10365246,0.081414019
cg10919522,-0.300054744
cg11095122,0.020413663
cg11103390,0.013145701
cg11202345,0.031345436
cg11452501,-0.120362529
cg11787522,0.024378203
cg11835347,-0.122322763
cg12041401,-0.061878805
cg12446629,-0.035881638
cg12547807,-0.185389631
cg12820481,0.036837963
cg13274938,0.302571784
cg13300580,0.071181385
cg13548189,0.005676793
cg13586425,0.110002192
cg13614083,0.033558369
cg13702222,0.076065534
cg13945148,0.041631402
cg14110709,0.05251551
cg14200569,0.025595131
cg14702960,-0.294629346
cg14816825,0.129187244
cg14851284,0.063645994
cg14876603,0.021760532
cg14893274,-0.034717613
cg15192750,0.353984781
cg15815084,-0.052633734
cg15829969,0.026997234
cg15919431,-0.0249838
cg15948836,0.176015106
cg16098955,0.111167486
cg16413763,0.026729689
cg16416715,0.040020833
cg16609260,0.02240408
cg16739178,0.095146476
cg16924010,0.267339897
cg16969872,-0.208325235
cg17018786,0.366762159
cg17061862,-0.076977086
cg17439800,0.267320793
cg17460386,0.440323691
cg17501210,-0.394520257
cg17749946,0.089802234
cg17765387,0.042340949
cg17804112,0.018995343
cg17841545,0.047757689
cg17901584,-0.182080424
cg17966227,-0.003774398
cg18181703,-0.358576992
cg18500368,0.005441765
cg18513344,-0.037931634
cg18519757,0.042915673
cg20025658,0.101356932
cg20964064,0.060447544
cg21355338,0.009555707
cg21439498,-0.198897004
cg21486834,0.21324079
cg21566642,-0.198763835
cg21787176,-0.03903159
cg21885107,0.042369588
cg22029879,-1.74E-05
cg22036538,0.019569299
cg22157099,0.010771258
cg22367678,-0.154323607
cg22488164,0.049869268
cg22891595,0.101434665
cg22912834,0.019399795
cg23119487,0.018616954
cg23152235,0.03930267
cg23798387,-0.009753673
cg23966795,0.02755995
cg23997508,0.068903797
cg24125710,0.178936329
cg24174557,-0.057834397
cg24268161,-0.134029312
cg24318091,-0.021647401
cg24352561,0.008561279
cg24396875,-0.034829461
cg24403644,0.011376872
cg24531955,-0.11477174
cg24737193,0.021982002
cg24865132,-0.017183936
cg24891125,0.043954753
cg25243766,0.132381002
cg25368647,-0.049664453
cg25427524,0.082735456
cg25683495,-0.146092033
cg25751054,0.013488489
cg25772418,0.029776887
cg25923729,0.000734049
cg26094651,0.011774111
cg26180383,0.015817461
cg26264318,0.06701157
cg26275850,-0.042831427
cg26470501,-0.461670854
cg26497348,0.131435851
cg26981978,-0.094575789
cg27113548,-0.037276372
cg27165794,-0.299793544
